<?xml version="1.0" encoding="UTF-8" standalone="yes"?>
<OfficeApp xmlns="http://schemas.microsoft.com/office/appforoffice/1.1" xmlns:xsi="http://www.w3.org/2001/XMLSchema-instance" xmlns:bt="http://schemas.microsoft.com/office/officeappbasictypes/1.0" xmlns:ov="http://schemas.microsoft.com/office/taskpaneappversionoverrides" xsi:type="TaskPaneApp">
  <Id>75308b0e-c33c-46bc-b32a-96d5fce34f84</Id>
  <Version>1.0.0.0</Version>
  <ProviderName>DALIM SOFTWARE GmbH</ProviderName>
  <DefaultLocale>en-US</DefaultLocale>
  <DisplayName DefaultValue="DALIM ES Connector"/>
  <Description DefaultValue="The official DALIM ES Connector for Adobde CC and MS Office"/>
  <IconUrl DefaultValue="https://es6.ringeisen.fr/ESConnector/gui/icon-32.png"/>
  <HighResolutionIconUrl DefaultValue="https://es6.ringeisen.fr/ESConnector/gui/icon-80.png"/>
  <SupportUrl DefaultValue="https://www.dalim.com"/>
  <AppDomains>
    <AppDomain>dalim.com</AppDomain>
  </AppDomains>
  <Hosts>
    <Host Name="Document"/>
  </Hosts>
  <DefaultSettings>
    <SourceLocation DefaultValue="https://es6.ringeisen.fr/ESConnector/index.html"/>
  </DefaultSettings>
  <Permissions>ReadWriteDocument</Permissions>
  <VersionOverrides xmlns="http://schemas.microsoft.com/office/taskpaneappversionoverrides" xsi:type="VersionOverridesV1_0">
    <Hosts>
      <Host xsi:type="Document">
        <DesktopFormFactor>
          <GetStarted>
            <Title resid="GetStarted.Title"/>
            <Description resid="GetStarted.Description"/>
            <LearnMoreUrl resid="GetStarted.LearnMoreUrl"/>
          </GetStarted>
          <FunctionFile resid="DALIM.Url"/>
          <ExtensionPoint xsi:type="PrimaryCommandSurface">
            <OfficeTab id="TabInsert">
              <Group id="DALIMGroup">
                <Label resid="DALIMGroup.Label"/>
                <Icon>
                  <bt:Image size="16" resid="Icon.16x16"/>
                  <bt:Image size="32" resid="Icon.32x32"/>
                  <bt:Image size="80" resid="Icon.80x80"/>
                </Icon>
                <Control xsi:type="Button" id="ESConnectorButton">
                  <Label resid="ESConnectorButton.Label"/>
                  <Supertip>
                    <Title resid="ESConnectorButton.Label"/>
                    <Description resid="ESConnectorButton.Tooltip"/>
                  </Supertip>
                  <Icon>
                    <bt:Image size="16" resid="Icon.16x16"/>
                    <bt:Image size="32" resid="Icon.32x32"/>
                    <bt:Image size="80" resid="Icon.80x80"/>
                  </Icon>
                  <Action xsi:type="ShowTaskpane">
                    <TaskpaneId>ButtonId1</TaskpaneId>
                    <SourceLocation resid="ESConnector.Url"/>
                  </Action>
                </Control>
              </Group>
            </OfficeTab>
          </ExtensionPoint>
        </DesktopFormFactor>
      </Host>
    </Hosts>
    <Resources>
      <bt:Images>
        <bt:Image id="Icon.16x16" DefaultValue="https://es6.ringeisen.fr/ESConnector/gui/icon-16.png"/>
        <bt:Image id="Icon.32x32" DefaultValue="https://es6.ringeisen.fr/ESConnector/gui/icon-32.png"/>
        <bt:Image id="Icon.80x80" DefaultValue="https://es6.ringeisen.fr/ESConnector/gui/icon-80.png"/>
      </bt:Images>
      <bt:Urls>
        <bt:Url id="GetStarted.LearnMoreUrl" DefaultValue="https://go.microsoft.com/fwlink/?LinkId=276812"/>
        <bt:Url id="DALIM.Url" DefaultValue="https://es6.ringeisen.fr/ESConnector/index.html"/>
        <bt:Url id="ESConnector.Url" DefaultValue="https://es6.ringeisen.fr/ESConnector/index.html"/>
      </bt:Urls>
      <bt:ShortStrings>
        <bt:String id="GetStarted.Title" DefaultValue="Get started with your ES Connector !"/>
        <bt:String id="DALIMGroup.Label" DefaultValue="DALIM SOFTWARE"/>
        <bt:String id="ESConnectorButton.Label" DefaultValue="ES Connector"/>
      </bt:ShortStrings>
      <bt:LongStrings>
        <bt:String id="GetStarted.Description" DefaultValue="Click the 'DALIM ES Connector' button to open the side panel and sign in with your credentials."/>
        <bt:String id="ESConnectorButton.Tooltip" DefaultValue="Click to open DALIM ES Connector"/>
      </bt:LongStrings>
    </Resources>
  </VersionOverrides>
</OfficeApp>
